{
  "info": {
    "accounts": {
      "youTube": "https://youtube.com/@v1_1q",
      "instagram": "https://youtube.com/@v1_1q",
      "gatabot_md": "https://youtube.com/@v1_1q",
      "gatabotlite_md": "https://youtube.com/@v1_1q",
      "facebook": "https://youtube.com/@v1_1q",
      "tiktok": "https://youtube.com/@v1_1q",
      "threads": "https://youtube.com/@v1_1q",
      "paypal": "https://youtube.com/@v1_1q",
      "github": "https://youtube.com/@v1_1q",
      "mail": "yto941395@gmail.com",
      "all": "https://www.atom.bio/q_1"
    },
    "channels": {
      "channel1": "https://whatsapp.com/channel/0029VavBRGA8fewsj7VyYj46",
      "channel2": "https://whatsapp.com/channel/0029VavBRGA8fewsj7VyYj46",
      "channel3": "https://whatsapp.com/channel/0029VavBRGA8fewsj7VyYj46",
      "channel4": "https://whatsapp.com/channel/0029VavBRGA8fewsj7VyYj46"
    },
    "groups": {
      "group1": "https://chat.whatsapp.com/IiuQGbYg045JuVENBN2pRe",
      "group2": "https://chat.whatsapp.com/IiuQGbYg045JuVENBN2pRe",
      "group3": "https://chat.whatsapp.com/IiuQGbYg045JuVENBN2pRe",
      "group4": "https://chat.whatsapp.com/IiuQGbYg045JuVENBN2pRe",
      "group5": "https://chat.whatsapp.com/IiuQGbYg045JuVENBN2pRe",
      "group6": "https://chat.whatsapp.com/IiuQGbYg045JuVENBN2pRe"
    },
    "collaboration": {
      "group1": "https://chat.whatsapp.com/IiuQGbYg045JuVENBN2pRe",
      "group2": "https://chat.whatsapp.com/IiuQGbYg045JuVENBN2pRe",
      "group3": "https://chat.whatsapp.com/IiuQGbYg045JuVENBN2pRe",
      "group4": "https://chat.whatsapp.com/IiuQGbYg045JuVENBN2pRe"
    },
    "sponsors": {
      "boxmine": "https://boxmineworld.com",
      "cafirexos": "https://www.cafirexos.com",
      "vortexus": "https://vortexuscloud.com",
      "asif": "https://whatsapp.com/channel/0029VavBRGA8fewsj7VyYj46"
    },
    "others": {
      "assistance_num": "https://chat.whatsapp.com/IiuQGbYg045JuVENBN2pRe",
      "yt_vid": "https://youtu.be/CEoiI1caFvA?si=PMVJ-tv75EVnPtLF",
      "group_support": "https://chat.whatsapp.com/IiuQGbYg045JuVENBN2pRe"
    }
  }
}
